-- ==========================================
-- BANK DATABASE SETUP
-- Oracle Live SQL Compatible
-- ==========================================

------------------------------------------------
-- CUSTOMERS
------------------------------------------------
CREATE TABLE Customers (
    CustomerID NUMBER PRIMARY KEY,
    Name VARCHAR2(100),
    DOB DATE,
    Balance NUMBER(12,2),
    IsVIP VARCHAR2(5) DEFAULT 'FALSE',
    LastModified DATE
);

------------------------------------------------
-- ACCOUNTS
------------------------------------------------
CREATE TABLE Accounts (
    AccountID NUMBER PRIMARY KEY,
    CustomerID NUMBER,
    AccountType VARCHAR2(20),
    Balance NUMBER(12,2),
    LastModified DATE,
    CONSTRAINT fk_customer
    FOREIGN KEY (CustomerID)
    REFERENCES Customers(CustomerID)
);

------------------------------------------------
-- LOANS
------------------------------------------------
CREATE TABLE Loans (
    LoanID NUMBER PRIMARY KEY,
    CustomerID NUMBER,
    LoanAmount NUMBER(12,2),
    InterestRate NUMBER(5,2),
    StartDate DATE,
    EndDate DATE,
    CONSTRAINT fk_loan_customer
    FOREIGN KEY (CustomerID)
    REFERENCES Customers(CustomerID)
);

------------------------------------------------
-- TRANSACTIONS
------------------------------------------------
CREATE TABLE Transactions (
    TransactionID NUMBER PRIMARY KEY,
    AccountID NUMBER,
    TransactionDate DATE,
    Amount NUMBER(12,2),
    TransactionType VARCHAR2(20),
    CONSTRAINT fk_transaction_account
    FOREIGN KEY (AccountID)
    REFERENCES Accounts(AccountID)
);

------------------------------------------------
-- EMPLOYEES
------------------------------------------------
CREATE TABLE Employees (
    EmployeeID NUMBER PRIMARY KEY,
    Name VARCHAR2(100),
    Position VARCHAR2(50),
    Salary NUMBER(12,2),
    Department VARCHAR2(50),
    HireDate DATE
);

------------------------------------------------
-- AUDIT LOG
------------------------------------------------
CREATE TABLE AuditLog (
    AuditID NUMBER GENERATED BY DEFAULT AS IDENTITY PRIMARY KEY,
    TransactionID NUMBER,
    ActionDate DATE,
    Message VARCHAR2(200)
);

------------------------------------------------
-- ERROR LOG
------------------------------------------------
CREATE TABLE ErrorLog (
    LogID NUMBER GENERATED BY DEFAULT AS IDENTITY PRIMARY KEY,
    ErrorMessage VARCHAR2(500),
    LogDate DATE
);

------------------------------------------------
-- CUSTOMERS
------------------------------------------------
INSERT INTO Customers VALUES
(1,'Arun',DATE '1985-05-15',1000,'FALSE',SYSDATE);

INSERT INTO Customers VALUES
(2,'Priya',DATE '1990-07-20',1500,'FALSE',SYSDATE);

INSERT INTO Customers VALUES
(3,'Ravi',DATE '1955-03-10',12000,'FALSE',SYSDATE);

INSERT INTO Customers VALUES
(4,'Meena',DATE '1948-11-05',18000,'FALSE',SYSDATE);

INSERT INTO Customers VALUES
(5,'Kiran',DATE '1962-08-18',25000,'FALSE',SYSDATE);

------------------------------------------------
-- ACCOUNTS
------------------------------------------------
INSERT INTO Accounts VALUES
(101,1,'Savings',1000,SYSDATE);

INSERT INTO Accounts VALUES
(102,2,'Checking',1500,SYSDATE);

INSERT INTO Accounts VALUES
(103,3,'Savings',12000,SYSDATE);

INSERT INTO Accounts VALUES
(104,4,'Savings',18000,SYSDATE);

INSERT INTO Accounts VALUES
(105,5,'Checking',25000,SYSDATE);

------------------------------------------------
-- LOANS
------------------------------------------------
INSERT INTO Loans VALUES
(201,1,5000,8,SYSDATE-100,ADD_MONTHS(SYSDATE,24));

INSERT INTO Loans VALUES
(202,3,10000,9,SYSDATE-50,ADD_MONTHS(SYSDATE,20));

INSERT INTO Loans VALUES
(203,4,15000,10,SYSDATE-10,SYSDATE+20);

INSERT INTO Loans VALUES
(204,5,20000,11,SYSDATE-5,SYSDATE+15);

------------------------------------------------
-- TRANSACTIONS
------------------------------------------------
INSERT INTO Transactions VALUES
(301,101,SYSDATE,500,'Deposit');

INSERT INTO Transactions VALUES
(302,102,SYSDATE-1,300,'Withdrawal');

INSERT INTO Transactions VALUES
(303,103,SYSDATE-2,1000,'Deposit');

INSERT INTO Transactions VALUES
(304,104,SYSDATE-5,700,'Withdrawal');

INSERT INTO Transactions VALUES
(305,105,SYSDATE-8,1200,'Deposit');

------------------------------------------------
-- EMPLOYEES
------------------------------------------------
INSERT INTO Employees VALUES
(1,'Anita','Manager',70000,'HR',DATE '2015-06-15');

INSERT INTO Employees VALUES
(2,'Rahul','Developer',60000,'IT',DATE '2017-03-20');

INSERT INTO Employees VALUES
(3,'Deepak','Analyst',55000,'Finance',DATE '2020-01-10');

INSERT INTO Employees VALUES
(4,'Neha','Developer',65000,'IT',DATE '2018-09-25');

INSERT INTO Employees VALUES
(5,'Suresh','HR Executive',50000,'HR',DATE '2021-02-12');

COMMIT;

------------------------------------------------
-- VERIFY DATA
------------------------------------------------
SELECT * FROM Customers;
SELECT * FROM Accounts;
SELECT * FROM Loans;
SELECT * FROM Transactions;
SELECT * FROM Employees;